Ad_id,AdText,AdCategory
1,Discover the amazing Air Force 1s from TrendWear! Perfect for all your fashion needs.,fashion
2,Discover the amazing MacBook Pro from TechCo! Perfect for all your electronics needs.,electronics
3,Discover the amazing Hydro Flask from GourmetWorld! Perfect for all your beverages needs.,beverages
4,Discover the amazing Herman Miller Chair from OfficePro! Perfect for all your office needs.,office
5,Discover the amazing Dell XPS 13 from TechCo! Perfect for all your electronics needs.,electronics
6,Discover the amazing Nike Running Shoes from FitLife! Perfect for all your fitness needs.,fitness
7,Discover the amazing Coleman Sundome Tent from AdventureCo! Perfect for all your outdoor needs.,outdoor
8,Discover the amazing North Face Backpack from AccessoryHub! Perfect for all your accessories needs.,accessories
9,Discover the amazing Galaxy S21 from TechCo! Perfect for all your electronics needs.,electronics
10,Discover the amazing Peloton Bike from FitLife! Perfect for all your fitness needs.,fitness
11,Discover the amazing Apple Watch Series 7 from TechCo! Perfect for all your electronics needs.,electronics
12,Discover the amazing Yeti Tumbler from GourmetWorld! Perfect for all your beverages needs.,beverages
13,Discover the amazing Fitbit Charge 5 from FitLife! Perfect for all your fitness needs.,fitness
14,Discover the amazing Kindle Paperwhite from TechCo! Perfect for all your electronics needs.,electronics
15,Discover the amazing Samsonite Spinner Luggage from AccessoryHub! Perfect for all your accessories needs.,accessories
16,Discover the amazing GoPro Hero 11 from TechCo! Perfect for all your electronics needs.,electronics
17,Discover the amazing Dyson V15 Vacuum from HomeStyle! Perfect for all your home needs.,home
18,Discover the amazing Instant Pot Duo from HomeStyle! Perfect for all your home needs.,home
19,Discover the amazing Lululemon Yoga Pants from TrendWear! Perfect for all your fashion needs.,fashion
20,Discover the amazing Ray-Ban Aviator Sunglasses from AccessoryHub! Perfect for all your accessories needs.,accessories
21,Discover the amazing Echo Dot (5th Gen) from TechCo! Perfect for all your electronics needs.,electronics
22,Discover the amazing Schwinn Mountain Bike from AdventureCo! Perfect for all your outdoor needs.,outdoor
23,Discover the amazing Patagonia Rain Jacket from AdventureCo! Perfect for all your outdoor needs.,outdoor
24,Discover the amazing Bose QuietComfort Earbuds from TechCo! Perfect for all your electronics needs.,electronics
25,Discover the amazing Standing Desk Converter from OfficePro! Perfect for all your office needs.,office
26,Discover the amazing Nespresso Vertuo Plus from HomeStyle! Perfect for all your home needs.,home
27,Discover the amazing Theragun Elite from FitLife! Perfect for all your fitness needs.,fitness
28,Discover the amazing Roku Streaming Stick 4K from TechCo! Perfect for all your electronics needs.,electronics
29,Discover the amazing Columbia Hiking Boots from AdventureCo! Perfect for all your outdoor needs.,outdoor
30,Discover the amazing Tile Mate (4-Pack) from TechCo! Perfect for all your electronics needs.,electronics
31,Discover the amazing Weber Charcoal Grill from HomeStyle! Perfect for all your home needs.,home
32,Discover the amazing Canon EOS M50 from TechCo! Perfect for all your electronics needs.,electronics
33,Discover the amazing Osprey Hiking Backpack from AdventureCo! Perfect for all your outdoor needs.,outdoor
34,Discover the amazing Under Armour Compression Shirt from FitLife! Perfect for all your fitness needs.,fitness
35,Discover the amazing Google Nest Hub from TechCo! Perfect for all your electronics needs.,electronics
36,Discover the amazing Keurig K-Elite Coffee Maker from HomeStyle! Perfect for all your home needs.,home
37,Discover the amazing Samsung 4K UHD TV from TechCo! Perfect for all your electronics needs.,electronics
38,Discover the amazing Columbia Rain Pants from AdventureCo! Perfect for all your outdoor needs.,outdoor
39,Discover the amazing Fossil Smartwatch from AccessoryHub! Perfect for all your accessories needs.,accessories
